Workbook

Sheet key
A1: AUDUSD25R3M Curncy | B1: RR
A2: VIX Index | B2: VIX
A3: USDJPYV3M BGN Curncy | B3: IV
A4: USGG10YR Index | B4: US 10Y yield
A5: USGG2YR Index | B5: US 2Y yield
A6: GTJPY10YR @BGN Corp | B6: Japan 10Y yield
A7: GTJPY2YR @BGN Corp | B7: Japan 2Y yield
A8: JYBS5 c | B8: JPY-USD Basis 5Y
A9: JYBS1 c | B9: JPY-USD Basis 1Y
A10: JYBS20 c | B10: JPY-USD Basis 20Y
A11: JYBS10 c | B11: JPY-USD Basis 10Y
A12: JYBS30 c | B12: JPY-USD Basis 30Y
A13: USTWBGD Index | B13: Dollar Index D
A14: CO1 Comdty
A15: CL1 Comdty
A16: USGG3M Index

Sheet data
B1: AUDUSD25R3M Curncy | C1: VIX Index | D1: USDJPYV3M BGN Curncy | E1: USGG10YR Index | F1: USGG2YR Index | G1: GTJPY10YR @BGN Corp | H1: GTJPY2YR @BGN Corp | I1: JYBS5 c | J1: JYBS1 c | K1: JYBS20 c | L1: JYBS10 c | M1: USTWBGD Index | N1: CO1 Comdty | O1: CL1 Comdty | P1: USGG3M Index | Q1: VIX Index | R1: JYBS30 c
A2: 38359 | B2: -0.525 | C2: 13.49 | D2: 9.675 | E2: 4.269 | F2: 3.1891 | G2: 1.404 | H2: 0.099 | I2: -2.3 | J2: -3 | K2: -9.35 | L2: -3.1 | M2: 99.914 | N2: 43.18 | O2: 45.43 | P2: 2.3142 | Q2: 13.49 | R2: -15.2
A3: 38366 | B3: -0.525 | C3: 12.43 | D3: 10.125 | E3: 4.208 | F3: 3.2244 | G3: 1.383 | H3: 0.091 | I3: -2.4 | J3: -3.2 | K3: -10.25 | L3: -3.9 | M3: 99.1858 | N3: 45.15 | O3: 48.38 | P3: 2.3551 | Q3: 12.43 | R3: -16
A4: 38373 | B4: -0.475 | C4: 14.36 | D4: 9.925 | E4: 4.1399 | F4: 3.1419 | G4: 1.345 | H4: 0.091 | I4: -2.5 | J4: -2.8 | K4: -10.55 | L4: -4.6 | M4: 99.2953 | N4: 45.73 | O4: 48.53 | P4: 2.345 | Q4: 14.36 | R4: -16
A5: 38380 | B5: -0.425 | C5: 13.24 | D5: 9.625 | E5: 4.1397 | F5: 3.2551 | G5: 1.305 | H5: 0.09 | I5: -2.4 | J5: -2.9 | K5: -11.05 | L5: -4.7 | M5: 99.6094 | N5: 44.95 | O5: 47.18 | P5: 2.4475 | Q5: 13.24 | R5: -16.5
A6: 38387 | B6: -0.425 | C6: 11.21 | D6: 9.075 | E6: 4.0753 | F6: 3.2808 | G6: 1.321 | H6: 0.09 | I6: -2.4 | J6: -2.6 | K6: -10.75 | L6: -4.5 | M6: 99.7356 | N6: 43.89 | O6: 46.48 | P6: 2.4783 | Q6: 11.21 | R6: -15.7
A7: 38394 | B7: -0.475 | C7: 11.43 | D7: 8.975 | E7: 4.0844 | F7: 3.3236 | G7: 1.399 | H7: 0.115 | I7: -2.1 | J7: -1.875 | K7: -10.2 | L7: -4.1 | M7: 99.9803 | N7: 44.8 | O7: 47.16 | P7: 2.5399 | Q7: 11.43 | R7: -15
A8: 38401 | B8: -0.475 | C8: 11.18 | D8: 8.925 | E8: 4.2655 | F8: 3.435 | G8: 1.415 | H8: 0.109 | I8: -1.625 | J8: -1.625 | K8: -9.65 | L8: -3.5 | M8: 99.2039 | N8: 46.34 | O8: 48.35 | P8: 2.591 | Q8: 11.18 | R8: -14.2
A9: 38408 | B9: -0.525 | C9: 11.49 | D9: 8.825 | E9: 4.2638 | F9: 3.5219 | G9: 1.425 | H9: 0.115 | I9: -1.7 | J9: -2 | K9: -9.95 | L9: -3.8 | M9: 99.0528 | N9: 49.61 | O9: 51.49 | P9: 2.7247 | Q9: 11.49 | R9: -14.5
A10: 38415 | B10: -0.525 | C10: 11.94 | D10: 8.925 | E10: 4.3076 | F10: 3.556 | G10: 1.519 | H10: 0.13 | I10: -1.7 | J10: -1.6 | K10: -9.95 | L10: -3.9 | M10: 98.7381 | N10: 51.8 | O10: 53.78 | P10: 2.7452 | Q10: 11.94 | R10: -14.8
A11: 38422 | B11: -0.625 | C11: 12.8 | D11: 9.025 | E11: 4.5423 | F11: 3.716 | G11: 1.48 | H11: 0.125 | I11: -1.5 | J11: -1.3 | K11: -9.95 | L11: -3.9 | M11: 97.8077 | N11: 53.1 | O11: 54.43 | P11: 2.7555 | Q11: 12.8 | R11: -14.8
A12: 38429 | B12: -0.625 | C12: 13.14 | D12: 8.925 | E12: 4.5066 | F12: 3.6937 | G12: 1.42 | H12: 0.109 | I12: -0.875 | J12: -0.7 | K12: -11 | L12: -3.25 | M12: 98.3663 | N12: 55.59 | O12: 56.72 | P12: 2.7966 | Q12: 13.14 | R12: -14.5
A13: 38436 | B13: -0.775 | C13: 13.42 | D13: 8.8 | E13: 4.5929 | F13: 3.8507 | G13: 1.367 | H13: 0.115 | I13: -0.7 | J13: -0.2 | K13: -9.7 | L13: -3.2 | M13: 99.7657 | N13: 53.93 | O13: 54.84 | P13: 2.8272 | Q13: 13.42 | R13: -14.4
... A888: 44561 | B888: -0.905 | C888: 17.22 | D888: 5.9275 | E888: 1.5101 | F888: 0.7322 | G888: 0.065 | H888: -0.094 | I888: -29.25 | J888: -18 | K888: -39.875 | L888: -31.875 | M888: 115.2969 | N888: 77.78 | O888: 75.21 | P888: 0.0304 | Q888: 17.22 | R888: -43.125

Sheet lp_ready
A1: dD | B1: dVIX | C1: dIV | D1: dRR | E1: ys_level | F1: ts_level | G1: dYS | H1: dTS | I1: I_high | J1: I_low | K1: dD_high | L1: dD_low | M1: x1 | N1: x5 | O1: x10 | P1: x20 | Q1: x30 | R1: y1_h0 | S1: y1_h1 | T1: y1_h2 | U1: y1_h3 | V1: y1_h4 | W1: y1_h5 | X1: y1_h6 | Y1: y1_h7 | Z1: y1_h8 | AA1: y5_h0 | AB1: y5_h1 | AC1: y5_h2 | AD1: y5_h3 | AE1: y5_h4 | AF1: y5_h5 | AG1: y5_h6 | AH1: y5_h7 | AI1: y5_h8 | AJ1: y10_h0 | AK1: y10_h1 | AL1: y10_h2 | AM1: y10_h3 | AN1: y10_h4 | AO1: y10_h5 | AP1: y10_h6 | AQ1: y10_h7 | AR1: y10_h8 | AS1: y20_h0 | AT1: y20_h1 | AU1: y20_h2 | AV1: y20_h3 | AW1: y20_h4 | AX1: y20_h5 | AY1: y20_h6 | AZ1: y20_h7 | BA1: y20_h8 | BB1: y30_h0 | BC1: y30_h1 | BD1: y30_h2 | BE1: y30_h3 | BF1: y30_h4 | BG1: y30_h5 | BH1: y30_h6 | BI1: y30_h7 | BJ1: y30_h8
A2: =data!M3-data!M2 -> -0.7282 | B2: =data!C3-data!C2 -> -1.06 | C2: =data!D3-data!D2 -> 0.45 | D2: =data!B3-data!B2 -> 0 | E2: =data!E2-data!G2 -> 2.865 | F2: =(data!E2-data!F2)-(data!G2-data!H2) -> -0.2251 | G2: =E3-E2 -> -0.04 | H2: =F3-F2 -> -0.0833 | I2: =IF(data!M3> 111.81,1,0) -> 0 | J2: =1-I2 -> 1 | K2: =A2*I2 -> 0 | L2: =A2*J2 -> -0.7282 | M2: =data!J2 -> -3 | N2: =data!I2 -> -2.3 | O2: =data!L2 -> -3.1 | P2: =data!K2 -> -9.35 | Q2: =data!R2 -> -15.2 | R2: =M3-M2 -> -0.2 | S2: =M4-M2 -> 0.2 | T2: =M5-M2 -> 0.1 | U2: =M6-M2 -> 0.4 | V2: =M7-M2 -> 1.125 | W2: =M8-M2 -> 1.375 | X2: =M9-M2 -> 1 | Y2: =M10-M2 -> 1.4 | Z2: =M11-M2 -> 1.7 | AA2: =N3-N2 -> -0.1 | AB2: =N4-N2 -> -0.2 | AC2: =N5-N2 -> -0.1 | AD2: =N6-N2 -> -0.1 | AE2: =N7-N2 -> 0.2 | AF2: =N8-N2 -> 0.675 | AG2: =N9-N2 -> 0.6 | AH2: =N10-N2 -> 0.6 | AI2: =N11-N2 -> 0.8 | AJ2: =O3-O2 -> -0.8 | AK2: =O4-O2 -> -1.5 | AL2: =O5-O2 -> -1.6 | AM2: =O6-O2 -> -1.4 | AN2: =O7-O2 -> -1 | AO2: =O8-O2 -> -0.4 | AP2: =O9-O2 -> -0.7 | AQ2: =O10-O2 -> -0.8 | AR2: =O11-O2 -> -0.8 | AS2: =P3 - P2 -> -0.9 | AT2: =P4 - P2 -> -1.2 | AU2: =P5 - P2 -> -1.7 | AV2: =P6 - P2 -> -1.4 | AW2: =P7 - P2 -> -0.85 | AX2: =P8 - P2 -> -0.3 | AY2: =P9 - P2 -> -0.6 | AZ2: =P10 - P2 -> -0.6 | BA2: =P11 - P2 -> -0.6 | BB2: =Q3 - Q2 -> -0.8 | BC2: =Q4 - Q2 -> -0.8 | BD2: =Q5 - Q2 -> -1.3 | BE2: =Q6 - Q2 -> -0.5 | BF2: =Q7 - Q2 -> 0.2 | BG2: =Q8 - Q2 -> 1 | BH2: =Q9 - Q2 -> 0.7 | BI2: =Q10 - Q2 -> 0.4 | BJ2: =Q11 - Q2 -> 0.4
A3: =data!M4-data!M3 -> 0.1095 | B3: =data!C4-data!C3 -> 1.93 | C3: =data!D4-data!D3 -> -0.2 | D3: =data!B4-data!B3 -> 0.05 | E3: =data!E3-data!G3 -> 2.825 | F3: =(data!E3-data!F3)-(data!G3-data!H3) -> -0.3084 | G3: =E4-E3 -> -0.0301 | H3: =F4-F3 -> 0.0524 | I3: =IF(data!M4> 111.81,1,0) -> 0 | J3: =1-I3 -> 1 | K3: =A3*I3 -> 0 | L3: =A3*J3 -> 0.1095 | M3: =data!J3 -> -3.2 | N3: =data!I3 -> -2.4 | O3: =data!L3 -> -3.9 | P3: =data!K3 -> -10.25 | Q3: =data!R3 -> -16 | R3: =M4-M3 -> 0.4 | S3: =M5-M3 -> 0.3 | T3: =M6-M3 -> 0.6 | U3: =M7-M3 -> 1.325 | V3: =M8-M3 -> 1.575 | W3: =M9-M3 -> 1.2 | X3: =M10-M3 -> 1.6 | Y3: =M11-M3 -> 1.9 | Z3: =M12-M3 -> 2.5 | AA3: =N4-N3 -> -0.1 | AB3: =N5-N3 -> 0 | AC3: =N6-N3 -> 0 | AD3: =N7-N3 -> 0.3 | AE3: =N8-N3 -> 0.775 | AF3: =N9-N3 -> 0.7 | AG3: =N10-N3 -> 0.7 | AH3: =N11-N3 -> 0.9 | AI3: =N12-N3 -> 1.525 | AJ3: =O4-O3 -> -0.7 | AK3: =O5-O3 -> -0.8 | AL3: =O6-O3 -> -0.6 | AM3: =O7-O3 -> -0.2 | AN3: =O8-O3 -> 0.4 | AO3: =O9-O3 -> 0.1 | AP3: =O10-O3 -> 0 | AQ3: =O11-O3 -> 0 | AR3: =O12-O3 -> 0.65 | AS3: =P4 - P3 -> -0.3 | AT3: =P5 - P3 -> -0.8 | AU3: =P6 - P3 -> -0.5 | AV3: =P7 - P3 -> 0.05 | AW3: =P8 - P3 -> 0.6 | AX3: =P9 - P3 -> 0.3 | AY3: =P10 - P3 -> 0.3 | AZ3: =P11 - P3 -> 0.3 | BA3: =P12 - P3 -> -0.75 | BB3: =Q4 - Q3 -> 0 | BC3: =Q5 - Q3 -> -0.5 | BD3: =Q6 - Q3 -> 0.3 | BE3: =Q7 - Q3 -> 1 | BF3: =Q8 - Q3 -> 1.8 | BG3: =Q9 - Q3 -> 1.5 | BH3: =Q10 - Q3 -> 1.2 | BI3: =Q11 - Q3 -> 1.2 | BJ3: =Q12 - Q3 -> 1.5
A4: =data!M5-data!M4 -> 0.3141 | B4: =data!C5-data!C4 -> -1.12 | C4: =data!D5-data!D4 -> -0.3 | D4: =data!B5-data!B4 -> 0.05 | E4: =data!E4-data!G4 -> 2.7949 | F4: =(data!E4-data!F4)-(data!G4-data!H4) -> -0.256 | G4: =E5-E4 -> 0.0398 | H4: =F5-F4 -> -0.0744 | I4: =IF(data!M5> 111.81,1,0) -> 0 | J4: =1-I4 -> 1 | K4: =A4*I4 -> 0 | L4: =A4*J4 -> 0.3141 | M4: =data!J4 -> -2.8 | N4: =data!I4 -> -2.5 | O4: =data!L4 -> -4.6 | P4: =data!K4 -> -10.55 | Q4: =data!R4 -> -16 | R4: =M5-M4 -> -0.1 | S4: =M6-M4 -> 0.2 | T4: =M7-M4 -> 0.925 | U4: =M8-M4 -> 1.175 | V4: =M9-M4 -> 0.8 | W4: =M10-M4 -> 1.2 | X4: =M11-M4 -> 1.5 | Y4: =M12-M4 -> 2.1 | Z4: =M13-M4 -> 2.6 | AA4: =N5-N4 -> 0.1 | AB4: =N6-N4 -> 0.1 | AC4: =N7-N4 -> 0.4 | AD4: =N8-N4 -> 0.875 | AE4: =N9-N4 -> 0.8 | AF4: =N10-N4 -> 0.8 | AG4: =N11-N4 -> 1 | AH4: =N12-N4 -> 1.625 | AI4: =N13-N4 -> 1.8 | AJ4: =O5-O4 -> -0.1 | AK4: =O6-O4 -> 0.1 | AL4: =O7-O4 -> 0.5 | AM4: =O8-O4 -> 1.1 | AN4: =O9-O4 -> 0.8 | AO4: =O10-O4 -> 0.7 | AP4: =O11-O4 -> 0.7 | AQ4: =O12-O4 -> 1.35 | AR4: =O13-O4 -> 1.4 | AS4: =P5 - P4 -> -0.5 | AT4: =P6 - P4 -> -0.2 | AU4: =P7 - P4 -> 0.35 | AV4: =P8 - P4 -> 0.9 | AW4: =P9 - P4 -> 0.6 | AX4: =P10 - P4 -> 0.6 | AY4: =P11 - P4 -> 0.6 | AZ4: =P12 - P4 -> -0.45 | BA4: =P13 - P4 -> 0.85 | BB4: =Q5 - Q4 -> -0.5 | BC4: =Q6 - Q4 -> 0.3 | BD4: =Q7 - Q4 -> 1 | BE4: =Q8 - Q4 -> 1.8 | BF4: =Q9 - Q4 -> 1.5 | BG4: =Q10 - Q4 -> 1.2 | BH4: =Q11 - Q4 -> 1.2 | BI4: =Q12 - Q4 -> 1.5 | BJ4: =Q13 - Q4 -> 1.6
A5: =data!M6-data!M5 -> 0.1262 | B5: =data!C6-data!C5 -> -2.03 | C5: =data!D6-data!D5 -> -0.55 | D5: =data!B6-data!B5 -> 0 | E5: =data!E5-data!G5 -> 2.8347 | F5: =(data!E5-data!F5)-(data!G5-data!H5) -> -0.3304 | G5: =E6-E5 -> -0.0804 | H5: =F6-F5 -> -0.1061 | I5: =IF(data!M6> 111.81,1,0) -> 0 | J5: =1-I5 -> 1 | K5: =A5*I5 -> 0 | L5: =A5*J5 -> 0.1262 | M5: =data!J5 -> -2.9 | N5: =data!I5 -> -2.4 | O5: =data!L5 -> -4.7 | P5: =data!K5 -> -11.05 | Q5: =data!R5 -> -16.5 | R5: =M6-M5 -> 0.3 | S5: =M7-M5 -> 1.025 | T5: =M8-M5 -> 1.275 | U5: =M9-M5 -> 0.9 | V5: =M10-M5 -> 1.3 | W5: =M11-M5 -> 1.6 | X5: =M12-M5 -> 2.2 | Y5: =M13-M5 -> 2.7 | Z5: =M14-M5 -> 2.7 | AA5: =N6-N5 -> 0 | AB5: =N7-N5 -> 0.3 | AC5: =N8-N5 -> 0.775 | AD5: =N9-N5 -> 0.7 | AE5: =N10-N5 -> 0.7 | AF5: =N11-N5 -> 0.9 | AG5: =N12-N5 -> 1.525 | AH5: =N13-N5 -> 1.7 | AI5: =N14-N5 -> 2.2 | AJ5: =O6-O5 -> 0.2 | AK5: =O7-O5 -> 0.6 | AL5: =O8-O5 -> 1.2 | AM5: =O9-O5 -> 0.9 | AN5: =O10-O5 -> 0.8 | AO5: =O11-O5 -> 0.8 | AP5: =O12-O5 -> 1.45 | AQ5: =O13-O5 -> 1.5 | AR5: =O14-O5 -> 0.7 | AS5: =P6 - P5 -> 0.3 | AT5: =P7 - P5 -> 0.85 | AU5: =P8 - P5 -> 1.4 | AV5: =P9 - P5 -> 1.1 | AW5: =P10 - P5 -> 1.1 | AX5: =P11 - P5 -> 1.1 | AY5: =P12 - P5 -> 0.05 | AZ5: =P13 - P5 -> 1.35 | BA5: =P14 - P5 -> 1.9 | BB5: =Q6 - Q5 -> 0.8 | BC5: =Q7 - Q5 -> 1.5 | BD5: =Q8 - Q5 -> 2.3 | BE5: =Q9 - Q5 -> 2 | BF5: =Q10 - Q5 -> 1.7 | BG5: =Q11 - Q5 -> 1.7 | BH5: =Q12 - Q5 -> 2 | BI5: =Q13 - Q5 -> 2.1 | BJ5: =Q14 - Q5 -> 2.5
A6: =data!M7-data!M6 -> 0.2447 | B6: =data!C7-data!C6 -> 0.22 | C6: =data!D7-data!D6 -> -0.1 | D6: =data!B7-data!B6 -> -0.05 | E6: =data!E6-data!G6 -> 2.7543 | F6: =(data!E6-data!F6)-(data!G6-data!H6) -> -0.4365 | G6: =E7-E6 -> -0.0689 | H6: =F7-F6 -> -0.0867 | I6: =IF(data!M7> 111.81,1,0) -> 0 | J6: =1-I6 -> 1 | K6: =A6*I6 -> 0 | L6: =A6*J6 -> 0.2447 | M6: =data!J6 -> -2.6 | N6: =data!I6 -> -2.4 | O6: =data!L6 -> -4.5 | P6: =data!K6 -> -10.75 | Q6: =data!R6 -> -15.7 | R6: =M7-M6 -> 0.725 | S6: =M8-M6 -> 0.975 | T6: =M9-M6 -> 0.6 | U6: =M10-M6 -> 1 | V6: =M11-M6 -> 1.3 | W6: =M12-M6 -> 1.9 | X6: =M13-M6 -> 2.4 | Y6: =M14-M6 -> 2.4 | Z6: =M15-M6 -> 2.85 | AA6: =N7-N6 -> 0.3 | AB6: =N8-N6 -> 0.775 | AC6: =N9-N6 -> 0.7 | AD6: =N10-N6 -> 0.7 | AE6: =N11-N6 -> 0.9 | AF6: =N12-N6 -> 1.525 | AG6: =N13-N6 -> 1.7 | AH6: =N14-N6 -> 2.2 | AI6: =N15-N6 -> 2.15 | AJ6: =O7-O6 -> 0.4 | AK6: =O8-O6 -> 1 | AL6: =O9-O6 -> 0.7 | AM6: =O10-O6 -> 0.6 | AN6: =O11-O6 -> 0.6 | AO6: =O12-O6 -> 1.25 | AP6: =O13-O6 -> 1.3 | AQ6: =O14-O6 -> 0.5 | AR6: =O15-O6 -> 2 | AS6: =P7 - P6 -> 0.55 | AT6: =P8 - P6 -> 1.1 | AU6: =P9 - P6 -> 0.8 | AV6: =P10 - P6 -> 0.8 | AW6: =P11 - P6 -> 0.8 | AX6: =P12 - P6 -> -0.25 | AY6: =P13 - P6 -> 1.05 | AZ6: =P14 - P6 -> 1.6 | BA6: =P15 - P6 -> 1.7 | BB6: =Q7 - Q6 -> 0.7 | BC6: =Q8 - Q6 -> 1.5 | BD6: =Q9 - Q6 -> 1.2 | BE6: =Q10 - Q6 -> 0.9 | BF6: =Q11 - Q6 -> 0.9 | BG6: =Q12 - Q6 -> 1.2 | BH6: =Q13 - Q6 -> 1.3 | BI6: =Q14 - Q6 -> 1.7 | BJ6: =Q15 - Q6 -> 2.3
A7: =data!M8-data!M7 -> -0.7764 | B7: =data!C8-data!C7 -> -0.25 | C7: =data!D8-data!D7 -> -0.05 | D7: =data!B8-data!B7 -> 0 | E7: =data!E7-data!G7 -> 2.6854 | F7: =(data!E7-data!F7)-(data!G7-data!H7) -> -0.5232 | G7: =E8-E7 -> 0.1651 | H7: =F8-F7 -> 0.0477 | I7: =IF(data!M8> 111.81,1,0) -> 0 | J7: =1-I7 -> 1 | K7: =A7*I7 -> 0 | L7: =A7*J7 -> -0.7764 | M7: =data!J7 -> -1.875 | N7: =data!I7 -> -2.1 | O7: =data!L7 -> -4.1 | P7: =data!K7 -> -10.2 | Q7: =data!R7 -> -15 | R7: =M8-M7 -> 0.25 | S7: =M9-M7 -> -0.125 | T7: =M10-M7 -> 0.275 | U7: =M11-M7 -> 0.575 | V7: =M12-M7 -> 1.175 | W7: =M13-M7 -> 1.675 | X7: =M14-M7 -> 1.675 | Y7: =M15-M7 -> 2.125 | Z7: =M16-M7 -> 1.675 | AA7: =N8-N7 -> 0.475 | AB7: =N9-N7 -> 0.4 | AC7: =N10-N7 -> 0.4 | AD7: =N11-N7 -> 0.6 | AE7: =N12-N7 -> 1.225 | AF7: =N13-N7 -> 1.4 | AG7: =N14-N7 -> 1.9 | AH7: =N15-N7 -> 1.85 | AI7: =N16-N7 -> 1.6 | AJ7: =O8-O7 -> 0.6 | AK7: =O9-O7 -> 0.3 | AL7: =O10-O7 -> 0.2 | AM7: =O11-O7 -> 0.2 | AN7: =O12-O7 -> 0.85 | AO7: =O13-O7 -> 0.9 | AP7: =O14-O7 -> 0.1 | AQ7: =O15-O7 -> 1.6 | AR7: =O16-O7 -> 2.1 | AS7: =P8 - P7 -> 0.55 | AT7: =P9 - P7 -> 0.25 | AU7: =P10 - P7 -> 0.25 | AV7: =P11 - P7 -> 0.25 | AW7: =P12 - P7 -> -0.8 | AX7: =P13 - P7 -> 0.5 | AY7: =P14 - P7 -> 1.05 | AZ7: =P15 - P7 -> 1.15 | BA7: =P16 - P7 -> 1.95 | BB7: =Q8 - Q7 -> 0.8 | BC7: =Q9 - Q7 -> 0.5 | BD7: =Q10 - Q7 -> 0.2 | BE7: =Q11 - Q7 -> 0.2 | BF7: =Q12 - Q7 -> 0.5 | BG7: =Q13 - Q7 -> 0.6 | BH7: =Q14 - Q7 -> 1 | BI7: =Q15 - Q7 -> 1.6 | BJ7: =Q16 - Q7 -> 2.2
A8: =data!M9-data!M8 -> -0.1511 | B8: =data!C9-data!C8 -> 0.31 | C8: =data!D9-data!D8 -> -0.1 | D8: =data!B9-data!B8 -> -0.05 | E8: =data!E8-data!G8 -> 2.8505 | F8: =(data!E8-data!F8)-(data!G8-data!H8) -> -0.4755 | G8: =E9-E8 -> -0.0117 | H8: =F9-F8 -> -0.0926 | I8: =IF(data!M9> 111.81,1,0) -> 0 | J8: =1-I8 -> 1 | K8: =A8*I8 -> 0 | L8: =A8*J8 -> -0.1511 | M8: =data!J8 -> -1.625 | N8: =data!I8 -> -1.625 | O8: =data!L8 -> -3.5 | P8: =data!K8 -> -9.65 | Q8: =data!R8 -> -14.2 | R8: =M9-M8 -> -0.375 | S8: =M10-M8 -> 0.025 | T8: =M11-M8 -> 0.325 | U8: =M12-M8 -> 0.925 | V8: =M13-M8 -> 1.425 | W8: =M14-M8 -> 1.425 | X8: =M15-M8 -> 1.875 | Y8: =M16-M8 -> 1.425 | Z8: =M17-M8 -> 1.525 | AA8: =N9-N8 -> -0.075 | AB8: =N10-N8 -> -0.075 | AC8: =N11-N8 -> 0.125 | AD8: =N12-N8 -> 0.75 | AE8: =N13-N8 -> 0.925 | AF8: =N14-N8 -> 1.425 | AG8: =N15-N8 -> 1.375 | AH8: =N16-N8 -> 1.125 | AI8: =N17-N8 -> 1.425 | AJ8: =O9-O8 -> -0.3 | AK8: =O10-O8 -> -0.4 | AL8: =O11-O8 -> -0.4 | AM8: =O12-O8 -> 0.25 | AN8: =O13-O8 -> 0.3 | AO8: =O14-O8 -> -0.5 | AP8: =O15-O8 -> 1 | AQ8: =O16-O8 -> 1.5 | AR8: =O17-O8 -> 1.6 | AS8: =P9 - P8 -> -0.3 | AT8: =P10 - P8 -> -0.3 | AU8: =P11 - P8 -> -0.3 | AV8: =P12 - P8 -> -1.35 | AW8: =P13 - P8 -> -0.05 | AX8: =P14 - P8 -> 0.5 | AY8: =P15 - P8 -> 0.6 | AZ8: =P16 - P8 -> 1.4 | BA8: =P17 - P8 -> 0.9 | BB8: =Q9 - Q8 -> -0.3 | BC8: =Q10 - Q8 -> -0.6 | BD8: =Q11 - Q8 -> -0.6 | BE8: =Q12 - Q8 -> -0.3 | BF8: =Q13 - Q8 -> -0.2 | BG8: =Q14 - Q8 -> 0.2 | BH8: =Q15 - Q8 -> 0.8 | BI8: =Q16 - Q8 -> 1.4 | BJ8: =Q17 - Q8 -> 1.5
A9: =data!M10-data!M9 -> -0.3147 | B9: =data!C10-data!C9 -> 0.45 | C9: =data!D10-data!D9 -> 0.1 | D9: =data!B10-data!B9 -> 0 | E9: =data!E9-data!G9 -> 2.8388 | F9: =(data!E9-data!F9)-(data!G9-data!H9) -> -0.5681 | G9: =E10-E9 -> -0.0502 | H9: =F10-F9 -> -0.0693 | I9: =IF(data!M10> 111.81,1,0) -> 0 | J9: =1-I9 -> 1 | K9: =A9*I9 -> 0 | L9: =A9*J9 -> -0.3147 | M9: =data!J9 -> -2 | N9: =data!I9 -> -1.7 | O9: =data!L9 -> -3.8 | P9: =data!K9 -> -9.95 | Q9: =data!R9 -> -14.5 | R9: =M10-M9 -> 0.4 | S9: =M11-M9 -> 0.7 | T9: =M12-M9 -> 1.3 | U9: =M13-M9 -> 1.8 | V9: =M14-M9 -> 1.8 | W9: =M15-M9 -> 2.25 | X9: =M16-M9 -> 1.8 | Y9: =M17-M9 -> 1.9 | Z9: =M18-M9 -> 1.75 | AA9: =N10-N9 -> 0 | AB9: =N11-N9 -> 0.2 | AC9: =N12-N9 -> 0.825 | AD9: =N13-N9 -> 1 | AE9: =N14-N9 -> 1.5 | AF9: =N15-N9 -> 1.45 | AG9: =N16-N9 -> 1.2 | AH9: =N17-N9 -> 1.5 | AI9: =N18-N9 -> 1.4 | AJ9: =O10-O9 -> -0.1 | AK9: =O11-O9 -> -0.1 | AL9: =O12-O9 -> 0.55 | AM9: =O13-O9 -> 0.6 | AN9: =O14-O9 -> -0.2 | AO9: =O15-O9 -> 1.3 | AP9: =O16-O9 -> 1.8 | AQ9: =O17-O9 -> 1.9 | AR9: =O18-O9 -> 2 | AS9: =P10 - P9 -> 0 | AT9: =P11 - P9 -> 0 | AU9: =P12 - P9 -> -1.05 | AV9: =P13 - P9 -> 0.25 | AW9: =P14 - P9 -> 0.8 | AX9: =P15 - P9 -> 0.9 | AY9: =P16 - P9 -> 1.7 | AZ9: =P17 - P9 -> 1.2 | BA9: =P18 - P9 -> 2.05 | BB9: =Q10 - Q9 -> -0.3 | BC9: =Q11 - Q9 -> -0.3 | BD9: =Q12 - Q9 -> 0 | BE9: =Q13 - Q9 -> 0.1 | BF9: =Q14 - Q9 -> 0.5 | BG9: =Q15 - Q9 -> 1.1 | BH9: =Q16 - Q9 -> 1.7 | BI9: =Q17 - Q9 -> 1.8 | BJ9: =Q18 - Q9 -> 1.8
A10: =data!M11-data!M10 -> -0.9304 | B10: =data!C11-data!C10 -> 0.86 | C10: =data!D11-data!D10 -> 0.1 | D10: =data!B11-data!B10 -> -0.1 | E10: =data!E10-data!G10 -> 2.7886 | F10: =(data!E10-data!F10)-(data!G10-data!H10) -> -0.6374 | G10: =E11-E10 -> 0.2737 | H10: =F11-F10 -> 0.1087 | I10: =IF(data!M11> 111.81,1,0) -> 0 | J10: =1-I10 -> 1 | K10: =A10*I10 -> 0 | L10: =A10*J10 -> -0.9304 | M10: =data!J10 -> -1.6 | N10: =data!I10 -> -1.7 | O10: =data!L10 -> -3.9 | P10: =data!K10 -> -9.95 | Q10: =data!R10 -> -14.8 | R10: =M11-M10 -> 0.3 | S10: =M12-M10 -> 0.9 | T10: =M13-M10 -> 1.4 | U10: =M14-M10 -> 1.4 | V10: =M15-M10 -> 1.85 | W10: =M16-M10 -> 1.4 | X10: =M17-M10 -> 1.5 | Y10: =M18-M10 -> 1.35 | Z10: =M19-M10 -> 1.3 | AA10: =N11-N10 -> 0.2 | AB10: =N12-N10 -> 0.825 | AC10: =N13-N10 -> 1 | AD10: =N14-N10 -> 1.5 | AE10: =N15-N10 -> 1.45 | AF10: =N16-N10 -> 1.2 | AG10: =N17-N10 -> 1.5 | AH10: =N18-N10 -> 1.4 | AI10: =N19-N10 -> 1.4 | AJ10: =O11-O10 -> 0 | AK10: =O12-O10 -> 0.65 | AL10: =O13-O10 -> 0.7 | AM10: =O14-O10 -> -0.1 | AN10: =O15-O10 -> 1.4 | AO10: =O16-O10 -> 1.9 | AP10: =O17-O10 -> 2 | AQ10: =O18-O10 -> 2.1 | AR10: =O19-O10 -> 2.1 | AS10: =P11 - P10 -> 0 | AT10: =P12 - P10 -> -1.05 | AU10: =P13 - P10 -> 0.25 | AV10: =P14 - P10 -> 0.8 | AW10: =P15 - P10 -> 0.9 | AX10: =P16 - P10 -> 1.7 | AY10: =P17 - P10 -> 1.2 | AZ10: =P18 - P10 -> 2.05 | BA10: =P19 - P10 -> 2.25 | BB10: =Q11 - Q10 -> 0 | BC10: =Q12 - Q10 -> 0.3 | BD10: =Q13 - Q10 -> 0.4 | BE10: =Q14 - Q10 -> 0.8 | BF10: =Q15 - Q10 -> 1.4 | BG10: =Q16 - Q10 -> 2 | BH10: =Q17 - Q10 -> 2.1 | BI10: =Q18 - Q10 -> 2.1 | BJ10: =Q19 - Q10 -> 2.3
A11: =data!M12-data!M11 -> 0.5586 | B11: =data!C12-data!C11 -> 0.34 | C11: =data!D12-data!D11 -> -0.1 | D11: =data!B12-data!B11 -> 0 | E11: =data!E11-data!G11 -> 3.0623 | F11: =(data!E11-data!F11)-(data!G11-data!H11) -> -0.5287 | G11: =E12-E11 -> 0.0243 | H11: =F12-F11 -> 0.0306 | I11: =IF(data!M12> 111.81,1,0) -> 0 | J11: =1-I11 -> 1 | K11: =A11*I11 -> 0 | L11: =A11*J11 -> 0.5586 | M11: =data!J11 -> -1.3 | N11: =data!I11 -> -1.5 | O11: =data!L11 -> -3.9 | P11: =data!K11 -> -9.95 | Q11: =data!R11 -> -14.8 | R11: =M12-M11 -> 0.6 | S11: =M13-M11 -> 1.1 | T11: =M14-M11 -> 1.1 | U11: =M15-M11 -> 1.55 | V11: =M16-M11 -> 1.1 | W11: =M17-M11 -> 1.2 | X11: =M18-M11 -> 1.05 | Y11: =M19-M11 -> 1 | Z11: =M20-M11 -> 1 | AA11: =N12-N11 -> 0.625 | AB11: =N13-N11 -> 0.8 | AC11: =N14-N11 -> 1.3 | AD11: =N15-N11 -> 1.25 | AE11: =N16-N11 -> 1 | AF11: =N17-N11 -> 1.3 | AG11: =N18-N11 -> 1.2 | AH11: =N19-N11 -> 1.2 | AI11: =N20-N11 -> 1.3 | AJ11: =O12-O11 -> 0.65 | AK11: =O13-O11 -> 0.7 | AL11: =O14-O11 -> -0.1 | AM11: =O15-O11 -> 1.4 | AN11: =O16-O11 -> 1.9 | AO11: =O17-O11 -> 2 | AP11: =O18-O11 -> 2.1 | AQ11: =O19-O11 -> 2.1 | AR11: =O20-O11 -> 2.7 | AS11: =P12 - P11 -> -1.05 | AT11: =P13 - P11 -> 0.25 | AU11: =P14 - P11 -> 0.8 | AV11: =P15 - P11 -> 0.9 | AW11: =P16 - P11 -> 1.7 | AX11: =P17 - P11 -> 1.2 | AY11: =P18 - P11 -> 2.05 | AZ11: =P19 - P11 -> 2.25 | BA11: =P20 - P11 -> 3.05 | BB11: =Q12 - Q11 -> 0.3 | BC11: =Q13 - Q11 -> 0.4 | BD11: =Q14 - Q11 -> 0.8 | BE11: =Q15 - Q11 -> 1.4 | BF11: =Q16 - Q11 -> 2 | BG11: =Q17 - Q11 -> 2.1 | BH11: =Q18 - Q11 -> 2.1 | BI11: =Q19 - Q11 -> 2.3 | BJ11: =Q20 - Q11 -> 3
A12: =data!M13-data!M12 -> 1.3994 | B12: =data!C13-data!C12 -> 0.28 | C12: =data!D13-data!D12 -> -0.125 | D12: =data!B13-data!B12 -> -0.15 | E12: =data!E12-data!G12 -> 3.0866 | F12: =(data!E12-data!F12)-(data!G12-data!H12) -> -0.4981 | G12: =E13-E12 -> 0.1393 | H12: =F13-F12 -> -0.0117 | I12: =IF(data!M13> 111.81,1,0) -> 0 | J12: =1-I12 -> 1 | K12: =A12*I12 -> 0 | L12: =A12*J12 -> 1.3994 | M12: =data!J12 -> -0.7 | N12: =data!I12 -> -0.875 | O12: =data!L12 -> -3.25 | P12: =data!K12 -> -11 | Q12: =data!R12 -> -14.5 | R12: =M13-M12 -> 0.5 | S12: =M14-M12 -> 0.5 | T12: =M15-M12 -> 0.95 | U12: =M16-M12 -> 0.5 | V12: =M17-M12 -> 0.6 | W12: =M18-M12 -> 0.45 | X12: =M19-M12 -> 0.4 | Y12: =M20-M12 -> 0.4 | Z12: =M21-M12 -> 0.2 | AA12: =N13-N12 -> 0.175 | AB12: =N14-N12 -> 0.675 | AC12: =N15-N12 -> 0.625 | AD12: =N16-N12 -> 0.375 | AE12: =N17-N12 -> 0.675 | AF12: =N18-N12 -> 0.575 | AG12: =N19-N12 -> 0.575 | AH12: =N20-N12 -> 0.675 | AI12: =N21-N12 -> 0.375 | AJ12: =O13-O12 -> 0.05 | AK12: =O14-O12 -> -0.75 | AL12: =O15-O12 -> 0.75 | AM12: =O16-O12 -> 1.25 | AN12: =O17-O12 -> 1.35 | AO12: =O18-O12 -> 1.45 | AP12: =O19-O12 -> 1.45 | AQ12: =O20-O12 -> 2.05 | AR12: =O21-O12 -> 2 | AS12: =P13 - P12 -> 1.3 | AT12: =P14 - P12 -> 1.85 | AU12: =P15 - P12 -> 1.95 | AV12: =P16 - P12 -> 2.75 | AW12: =P17 - P12 -> 2.25 | AX12: =P18 - P12 -> 3.1 | AY12: =P19 - P12 -> 3.3 | AZ12: =P20 - P12 -> 4.1 | BA12: =P21 - P12 -> 4.25 | BB12: =Q13 - Q12 -> 0.1 | BC12: =Q14 - Q12 -> 0.5 | BD12: =Q15 - Q12 -> 1.1 | BE12: =Q16 - Q12 -> 1.7 | BF12: =Q17 - Q12 -> 1.8 | BG12: =Q18 - Q12 -> 1.8 | BH12: =Q19 - Q12 -> 2 | BI12: =Q20 - Q12 -> 2.7 | BJ12: =Q21 - Q12 -> 2.9
A13: =data!M14-data!M13 -> 0.0089 | B13: =data!C14-data!C13 -> 0.67 | C13: =data!D14-data!D13 -> -0.025 | D13: =data!B14-data!B13 -> 0 | E13: =data!E13-data!G13 -> 3.2259 | F13: =(data!E13-data!F13)-(data!G13-data!H13) -> -0.5098 | G13: =E14-E13 -> -0.1074 | H13: =F14-F13 -> -0.0028 | I13: =IF(data!M14> 111.81,1,0) -> 0 | J13: =1-I13 -> 1 | K13: =A13*I13 -> 0 | L13: =A13*J13 -> 0.0089 | M13: =data!J13 -> -0.2 | N13: =data!I13 -> -0.7 | O13: =data!L13 -> -3.2 | P13: =data!K13 -> -9.7 | Q13: =data!R13 -> -14.4 | R13: =M14-M13 -> 0 | S13: =M15-M13 -> 0.45 | T13: =M16-M13 -> 0 | U13: =M17-M13 -> 0.1 | V13: =M18-M13 -> -0.05 | W13: =M19-M13 -> -0.1 | X13: =M20-M13 -> -0.1 | Y13: =M21-M13 -> -0.3 | Z13: =M22-M13 -> 0 | AA13: =N14-N13 -> 0.5 | AB13: =N15-N13 -> 0.45 | AC13: =N16-N13 -> 0.2 | AD13: =N17-N13 -> 0.5 | AE13: =N18-N13 -> 0.4 | AF13: =N19-N13 -> 0.4 | AG13: =N20-N13 -> 0.5 | AH13: =N21-N13 -> 0.2 | AI13: =N22-N13 -> 0.4 | AJ13: =O14-O13 -> -0.8 | AK13: =O15-O13 -> 0.7 | AL13: =O16-O13 -> 1.2 | AM13: =O17-O13 -> 1.3 | AN13: =O18-O13 -> 1.4 | AO13: =O19-O13 -> 1.4 | AP13: =O20-O13 -> 2 | AQ13: =O21-O13 -> 1.95 | AR13: =O22-O13 -> 1.9 | AS13: =P14 - P13 -> 0.55 | AT13: =P15 - P13 -> 0.65 | AU13: =P16 - P13 -> 1.45 | AV13: =P17 - P13 -> 0.95 | AW13: =P18 - P13 -> 1.8 | AX13: =P19 - P13 -> 2 | AY13: =P20 - P13 -> 2.8 | AZ13: =P21 - P13 -> 2.95 | BA13: =P22 - P13 -> 3.9 | BB13: =Q14 - Q13 -> 0.4 | BC13: =Q15 - Q13 -> 1 | BD13: =Q16 - Q13 -> 1.6 | BE13: =Q17 - Q13 -> 1.7 | BF13: =Q18 - Q13 -> 1.7 | BG13: =Q19 - Q13 -> 1.9 | BH13: =Q20 - Q13 -> 2.6 | BI13: =Q21 - Q13 -> 2.8 | BJ13: =Q22 - Q13 -> 3.875
... A888: =data!M889-data!M888 -> -115.2969 | B888: =data!C889-data!C888 -> -17.22 | C888: =data!D889-data!D888 -> -5.9275 | D888: =data!B889-data!B888 -> 0.905 | E888: =data!E888-data!G888 -> 1.4451 | F888: =(data!E888-data!F888)-(data!G888-data!H888) -> 0.6189 | G888: =E889-E888 -> -1.4451 | H888: =F889-F888 -> -0.6189 | I888: =IF(data!M889> 111.81,1,0) -> 0 | J888: =1-I888 -> 1 | K888: =A888*I888 -> 0 | L888: =A888*J888 -> -115.2969 | M888: =data!J888 -> -18 | N888: =data!I888 -> -29.25 | O888: =data!L888 -> -31.875 | P888: =data!K888 -> -39.875 | Q888: =data!R888 -> -43.125 | R888: =M889-M888 -> 18 | S888: =M890-M888 -> 18 | T888: =M891-M888 -> 18 | U888: =M892-M888 -> 18 | V888: =M893-M888 -> 18 | W888: =M894-M888 -> 18 | X888: =M895-M888 -> 18 | Y888: =M896-M888 -> 18 | Z888: =M897-M888 -> 18 | AA888: =N889-N888 -> 29.25 | AB888: =N890-N888 -> 29.25 | AC888: =N891-N888 -> 29.25 | AD888: =N892-N888 -> 29.25 | AE888: =N893-N888 -> 29.25 | AF888: =N894-N888 -> 29.25 | AG888: =N895-N888 -> 29.25 | AH888: =N896-N888 -> 29.25 | AI888: =N897-N888 -> 29.25 | AJ888: =O889-O888 -> 31.875 | AK888: =O890-O888 -> 31.875 | AL888: =O891-O888 -> 31.875 | AM888: =O892-O888 -> 31.875 | AN888: =O893-O888 -> 31.875 | AO888: =O894-O888 -> 31.875 | AP888: =O895-O888 -> 31.875 | AQ888: =O896-O888 -> 31.875 | AR888: =O897-O888 -> 31.875 | AS888: =P889 - P888 -> 39.875 | AT888: =P890 - P888 -> 39.875 | AU888: =P891 - P888 -> 39.875 | AV888: =P892 - P888 -> 39.875 | AW888: =P893 - P888 -> 39.875 | AX888: =P894 - P888 -> 39.875 | AY888: =P895 - P888 -> 39.875 | AZ888: =P896 - P888 -> 39.875 | BA888: =P897 - P888 -> 39.875 | BB888: =Q889 - Q888 -> 43.125 | BC888: =Q890 - Q888 -> 43.125 | BD888: =Q891 - Q888 -> 43.125 | BE888: =Q892 - Q888 -> 43.125 | BF888: =Q893 - Q888 -> 43.125 | BG888: =Q894 - Q888 -> 43.125 | BH888: =Q895 - Q888 -> 43.125 | BI888: =Q896 - Q888 -> 43.125 | BJ888: =Q897 - Q888 -> 43.125
